ProductName,Description,ProductSku,QuantityInStock,ReorderLevel,WholeSaleCost,RetailCost
Buttons,Integrated stable access,567528810,508,5,1.2,9.31
Lychee - Canned,Monitored even-keeled approach,135032890,761,2,3.2,10.74
Cookie Chocolate Chip With,Realigned context-sensitive definition,539757971,353,1,1.4,7.87
Syrup - Chocolate,Advanced optimizing Graphical User Interface,351829717,959,3,3.7,10.32
Wine - Cotes Du Rhone,Function-based next generation forecast,391944119,616,5,2.2,3.66
Blueberries - Frozen,Virtual next generation neural-net,688546766,377,7,2,5.04
Truffle - Whole Black Peeled,Focused zero administration moratorium,901571880,964,8,1.2,4.24
Cake - Box Window 10x10x2.5,Total uniform throughput,250409224,70,8,2.5,3.28
Garbage Bags - Black,Managed context-sensitive website,164741545,86,4,1.6,10.98
"Wine - Red, Lurton Merlot De",User-friendly upward-trending hub,642180472,333,6,3.1,7.65
"Cheese - Havarti, Salsa",Cross-group 5th generation alliance,507829636,481,7,2.2,4.66
Wine - Gato Negro Cabernet,Enhanced actuating workforce,252886899,448,4,1.2,8.07
Monkfish Fresh - Skin Off,Fundamental actuating access,362355446,333,2,1.8,7.32
Ostrich - Prime Cut,Cross-group human-resource policy,398657146,813,7,1.4,2.86
Mushroom - King Eryingii,Customizable coherent system engine,300200903,40,6,2.1,9.97
"Asparagus - Green, Fresh",Profit-focused maximized capacity,665696629,268,0,3.1,9.39
Beer - Maudite,Balanced solution-oriented open architecture,396903787,133,5,3.2,9.76
Wine - Manischewitz Concord,Customer-focused contextually-based structure,901000451,536,0,3.9,11.79
"Nut - Walnut, Pieces",Sharable intangible internet solution,234036964,597,0,1.4,10.87
Sambuca - Ramazzotti,Synchronised methodical challenge,767787852,537,5,3.6,12.57
Beer - Upper Canada Light,Cloned stable policy,733720857,267,4,2.8,7.84
"Vermouth - White, Cinzano",Self-enabling mobile implementation,181186232,539,4,1.3,6.62
Sugar - White Packet,Proactive optimal moratorium,564342989,603,8,2.8,4.36
Wine - Magnotta - Bel Paese White,Optional mobile utilisation,924723157,966,4,1.5,4.12
Dill Weed - Fresh,Seamless next generation productivity,938618374,685,9,3.5,8.97
Pop - Club Soda Can,Fully-configurable 4th generation info-mediaries,898498119,383,4,2.3,4.25
Aromat Spice / Seasoning,Front-line homogeneous task-force,823037188,288,1,2.4,4.40
Bread - Hamburger Buns,Fundamental motivating projection,910321681,180,2,3,11.58
"Pasta - Fusili, Dry",Secured analyzing software,970730355,25,2,3.1,4.26
Brandy Apricot,Robust radical policy,996589777,855,7,2.5,4.80
Cleaner - Pine Sol,Realigned multi-tasking paradigm,355664936,214,9,2.5,5.41
Flower - Commercial Spider,Re-contextualized foreground collaboration,402403578,209,4,2.1,11.17
Sugar - Fine,Operative full-range framework,999352578,215,2,3,5.28
Triple Sec - Mcguinness,Fully-configurable scalable customer loyalty,107147215,133,0,1.4,1.98
Apple - Royal Gala,Front-line responsive focus group,571585832,925,8,2.1,6.45
Lid Coffee Cup 8oz Blk,Cross-platform disintermediate open architecture,695690552,382,9,1.3,2.79
Coffee - Frthy Coffee Crisp,Down-sized system-worthy structure,764265279,651,7,1.6,2.01
Cake - Sheet Strawberry,Front-line context-sensitive info-mediaries,831545269,635,5,1.1,7.97
Island Oasis - Sweet And Sour Mix,Fully-configurable value-added synergy,184250273,988,7,2,10.56
Broom - Push,Front-line transitional hierarchy,701321811,400,4,3.5,10.50
Wine - Delicato Merlot,Up-sized neutral groupware,733746393,275,9,2.7,5.69
Honey - Liquid,Enterprise-wide client-driven parallelism,578218983,713,4,3.4,5.61
Soup Knorr Chili With Beans,Grass-roots contextually-based customer loyalty,715032770,272,4,2.1,9.52
Soup Campbells Split Pea And Ham,Multi-channelled content-based installation,68728599,458,0,1.5,8.59
Raspberries - Frozen,De-engineered secondary info-mediaries,256546549,911,6,2.8,6.13
Ecolab Crystal Fusion,Synchronised web-enabled encryption,702229116,974,7,3.1,11.25
Nori Sea Weed,Customizable national alliance,493031731,497,1,1.3,6.55
Pear - Halves,Intuitive methodical framework,58791509,351,7,1.8,7.25
Mustard - Pommery,Networked secondary moderator,800575135,241,5,1.5,9.61
Chinese Foods - Thick Noodles,Assimilated explicit circuit,816793122,88,0,1.8,4.16
Beets - Pickled,Innovative mission-critical ability,811515120,172,5,2.3,8.04
Venison - Denver Leg Boneless,Assimilated 24 hour superstructure,449478810,390,9,1.6,8.64
Hold Up Tool Storage Rack,Multi-layered neutral firmware,531588577,754,2,3.8,12.92
Beer - Original Organic Lager,Cross-platform full-range open system,434836606,407,5,1.5,5.98
Pumpkin,Ameliorated content-based monitoring,376904055,999,9,2.1,10.57
Fondant - Icing,Switchable needs-based orchestration,362388266,872,8,1.3,4.23
Beer - Pilsner Urquell,Ergonomic asymmetric forecast,177245221,901,2,3.5,8.66
Turnip - Wax,Exclusive client-driven knowledge user,246480540,442,0,3.1,9.53
Pie Shells 10,Reactive demand-driven framework,242370096,250,8,1.1,5.18
Sloe Gin - Mcguinness,User-centric 24/7 implementation,570229537,956,8,2.5,6.33
Wine - Redchard Merritt,Synchronised national software,432800556,357,5,3.8,7.42
Cheese - Parmesan Grated,Object-based logistical internet solution,507465079,929,1,3.5,8.00
Puree - Guava,Persevering 4th generation Graphic Interface,117966445,487,7,3.5,6.59
Carbonated Water - Blackberry,Switchable cohesive firmware,693835487,340,2,3.6,6.57
Sole - Iqf,Devolved 24/7 task-force,981891935,152,8,1.9,4.72
"Veal - Brisket, Provimi,bnls",Configurable incremental intranet,853421980,705,2,2.3,8.75
Wine - Toasted Head,Organic clear-thinking encoding,187922133,348,8,3.3,6.57
"Coffee - Beans, Whole",Horizontal asymmetric implementation,955750728,357,3,2.7,8.25
Sterno - Chafing Dish Fuel,Configurable uniform Graphical User Interface,113585403,769,7,1.1,8.81
"Flour - Buckwheat, Dark",Persevering 3rd generation structure,506556757,685,4,2.6,5.93
Molasses - Fancy,Switchable modular algorithm,667809304,592,1,1.3,5.94
Cumin - Ground,Programmable tertiary alliance,500707668,983,7,1.8,7.84
Daikon Radish,Monitored interactive projection,39027182,662,6,1.7,8.47
Beef - Ground Lean Fresh,Progressive zero tolerance moratorium,187533073,274,6,2.8,2.97
Tea - Mint,Cross-group fresh-thinking portal,493490002,97,0,1.5,10.09
Cheese - Taleggio D.o.p.,User-centric intangible matrix,118532133,839,7,1.4,6.23
"Appetizer - Mini Egg Roll, Shrimp",Stand-alone empowering benchmark,983727242,144,8,1.9,10.02
Bag - Regular Kraft 20 Lb,Customizable regional flexibility,710050861,583,6,1.2,2.49
"Soup - Beef Conomme, Dry",Future-proofed national hub,872116786,991,3,1.2,5.05
Black Currants,Face to face disintermediate monitoring,282735537,919,1,3.2,4.68
Cloves - Whole,Team-oriented motivating definition,934938640,37,8,3.6,12.45
"Veal - Tenderloin, Untrimmed",Multi-layered asynchronous project,72961703,561,3,2.1,8.45
Wine - Magnotta - Pinot Gris Sr,Reactive methodical secured line,495736851,522,0,3.9,8.26
"Turkey - Breast, Smoked",Intuitive value-added architecture,672637954,6,4,3.5,11.25
Ice Cream Bar - Hageen Daz To,Networked value-added structure,677820803,857,7,2.6,9.35
"Salmon - Atlantic, Fresh, Whole",Open-architected reciprocal throughput,615368436,422,2,3.6,8.70
"Wine - White, Ej Gallo",Compatible bandwidth-monitored moratorium,506539418,893,3,2.5,10.81
Sauce - Caesar Dressing,Visionary regional alliance,159906667,90,6,2.8,5.56
"Beef - Ox Tongue, Pickled",Visionary demand-driven help-desk,825136824,145,6,3.2,9.23
"Soup - Knorr, Country Bean",Horizontal fault-tolerant throughput,908114024,893,2,2.8,8.61
Sauce - Balsamic Viniagrette,Configurable systemic focus group,270517788,413,3,3.3,10.02
"Fish - Soup Base, Bouillon",Multi-tiered 3rd generation system engine,22156620,133,1,1.2,1.67
Wine La Vielle Ferme Cote Du,Balanced human-resource extranet,643124214,601,6,1.4,6.45
Sterno - Chafing Dish Fuel,Centralized leading edge superstructure,488355811,805,5,2,3.63
V8 Splash Strawberry Banana,Centralized didactic matrix,76184540,623,8,2.3,2.89
Eggroll,Programmable asymmetric functionalities,223941501,704,8,1.2,5.20
Wine - Pinot Noir Pond Haddock,Fully-configurable motivating policy,910750861,659,9,1.8,8.87
Cheese - Pied De Vents,Stand-alone analyzing installation,236661995,331,0,1.5,6.59
"Juice - Orange, Concentrate",Business-focused 4th generation adapter,484294174,804,2,3.2,9.46
"Beef - Kindney, Whole",Optimized zero administration implementation,272891016,580,8,1.2,5.99
Nantucket Cranberry Juice,User-friendly leading edge attitude,745760278,381,3,1,9.02
Lidsoupcont Rp12dn,Phased discrete orchestration,580203188,72,2,1.8,5.20
"Beans - Black Bean, Preserved",Virtual regional architecture,719529486,950,9,2.6,8.50
"Juice - Apple, 1.36l",De-engineered analyzing matrices,549407355,831,2,1.8,10.99
"Lemonade - Natural, 591 Ml",Visionary system-worthy benchmark,333603213,109,1,3.6,12.63
"Wine - Magnotta, Merlot Sr Vqa",Diverse cohesive data-warehouse,791723808,244,1,3.9,13.62
Ham - Proscuitto,Fundamental actuating focus group,159600835,227,2,1.4,2.24
Dragon Fruit,Object-based executive customer loyalty,577149794,786,1,1.7,6.24
Wine - Remy Pannier Rose,Intuitive optimal frame,137263356,184,6,3.4,12.66
Tea - Honey Green Tea,Reactive clear-thinking portal,49950182,670,6,3.4,10.10
Honey - Liquid,Enhanced asymmetric initiative,752338485,322,8,1.9,4.42
Longos - Grilled Salmon With Bbq,Visionary fault-tolerant framework,841311853,928,6,2.5,6.03
Macaroons - Homestyle Two Bit,Versatile radical capacity,370898218,653,0,2.7,5.41
Tea - Mint,Focused well-modulated paradigm,979595998,853,9,2.7,5.86
"Roe - Lump Fish, Black",Devolved full-range complexity,959429327,308,0,3.9,9.88
Pastry - Baked Scones - Mini,Multi-tiered context-sensitive knowledge base,215501702,439,5,2.8,4.02
Coffee Decaf Colombian,Customer-focused even-keeled moderator,968441277,588,3,3.2,7.32
Chicken - Base,Multi-lateral leading edge product,396143092,462,8,3,12.97
Cassis,Multi-lateral content-based initiative,452716812,21,7,2,2.69
Foam Dinner Plate,Enhanced bifurcated superstructure,714450711,761,6,3.3,5.50
Bag - Clear 7 Lb,Quality-focused responsive hardware,99518968,464,0,2.2,7.39
Soupfoamcont12oz 112con,Mandatory exuding task-force,353098374,624,4,3.9,4.23
Butter - Pod,Future-proofed eco-centric collaboration,146258637,229,0,1.3,8.37
Garlic Powder,Virtual zero tolerance ability,711616829,585,8,3.9,7.23
Oyster - In Shell,Future-proofed responsive policy,263010475,16,8,2.9,10.72
Cheese - Colby,Optimized coherent frame,567574193,669,0,3.7,5.33
"Mustard - Dry, Powder",Extended full-range hub,530523621,97,2,1.2,6.04
Ketchup - Tomato,Customer-focused asymmetric attitude,422427474,792,9,3.1,7.82
Flour - Pastry,Compatible didactic definition,240830715,161,0,3.5,13.00
Cucumber - English,Future-proofed well-modulated middleware,957431738,253,5,2.3,10.95
Muskox - French Rack,Re-contextualized content-based portal,862489469,288,6,1,4.06
Orange - Blood,Focused object-oriented flexibility,436800347,643,4,3.9,10.73
Beer - Rickards Red,Object-based even-keeled challenge,286393788,992,4,2.8,12.47
"Chilli Paste, Ginger Garlic",Face to face user-facing knowledge base,922517242,462,5,1.1,5.96
Thyme - Dried,Front-line logistical complexity,980395251,62,5,1.2,5.90
Pork - Belly Fresh,Monitored systemic approach,869584262,326,4,3.2,10.65
Compound - Strawberry,Organized motivating leverage,128735487,655,2,1.7,1.85
Spinach - Frozen,Diverse 4th generation firmware,685670725,298,4,3.2,11.50
Cucumber - English,Distributed empowering conglomeration,829704676,148,0,1.8,6.78
Pie Box - Cello Window 2.5,Phased clear-thinking definition,413477020,702,7,3.2,9.37
Beer - Guiness,Organized responsive approach,151473209,815,5,3.5,13.35
Pepper - Cayenne,Vision-oriented static moratorium,516654183,200,1,3.2,10.39
"Veal - Round, Eye Of",Balanced scalable budgetary management,660891542,206,4,1.9,6.64
Table Cloth 62x114 White,Stand-alone disintermediate artificial intelligence,866820819,451,5,4,6.82
Egg Patty Fried,Customizable logistical contingency,795251100,813,6,3.4,11.75
Energy Drink Bawls,Triple-buffered disintermediate hierarchy,510115002,737,6,2.7,3.99
Tart - Raisin And Pecan,Intuitive static data-warehouse,219614,279,4,2.6,4.55
Mangostein,Fully-configurable well-modulated solution,902332371,204,1,3.6,3.71
Parsnip,Open-architected cohesive frame,520795157,765,2,3.1,8.65
Ocean Spray - Kiwi Strawberry,Ergonomic methodical Graphical User Interface,7916712,735,3,2.3,2.99
Wine - Pinot Noir Mondavi Coastal,Diverse tertiary knowledge base,781498227,559,3,3.3,3.63
Soup - Campbells Bean Medley,Optimized radical protocol,328698220,826,1,1.5,2.03
Squid Ink,Progressive uniform matrix,297189097,871,4,1.7,7.55
Mace,Virtual transitional pricing structure,619399924,341,9,2.1,10.19
The Pop Shoppe - Grape,Enhanced 6th generation customer loyalty,762758853,310,4,3.7,7.43
Steamers White,Multi-channelled 6th generation hierarchy,872288023,796,2,2.5,4.53
"Lemonade - Kiwi, 591 Ml",Extended real-time initiative,12284319,703,4,1.9,11.37
Bread - Italian Corn Meal Poly,Versatile context-sensitive customer loyalty,123509694,221,3,3.6,4.31
Wine - Sauvignon Blanc Oyster,Networked logistical matrices,60996858,363,2,2.4,5.76
Puree - Pear,Distributed directional open architecture,394857279,793,4,2.9,10.13
Taro Root,Advanced zero defect functionalities,222002471,928,4,1.7,7.05
"Syrup - Monin, Amaretta",Adaptive client-driven emulation,622740527,613,5,1.9,11.75
Wine - Taylors Reserve,Object-based 3rd generation website,853830702,987,5,3.7,4.76
Pork - Smoked Back Bacon,Digitized asynchronous toolset,260014263,540,3,2.8,12.32
Nut - Macadamia,Sharable clear-thinking firmware,23095861,493,9,1.2,5.33
Cookie - Oatmeal,Inverse motivating frame,930315205,392,9,3.5,7.18
Scallop - St. Jaques,Vision-oriented 6th generation open system,722644591,222,9,2.6,8.81
English Muffin,Mandatory web-enabled focus group,456128338,634,3,3.5,10.24
"Yogurt - Banana, 175 Gr",Streamlined multi-state matrix,10298112,110,6,3.3,4.47
Scallops - 20/30,Synergistic dedicated attitude,632610923,110,5,2.6,10.24
Cheese - Gorgonzola,Devolved disintermediate methodology,865769763,136,3,1.5,8.73
Juice Peach Nectar,Diverse composite neural-net,612106149,760,4,3.9,3.96
Calypso - Pineapple Passion,Customer-focused zero defect emulation,545510866,124,3,1.9,11.09
Lobster - Cooked,Horizontal 4th generation extranet,997089505,186,7,3.7,9.41
Container - Hngd Cll Blk 7x7x3,Innovative motivating policy,991568576,663,0,1.3,3.71
"Pasta - Orzo, Dry",Face to face attitude-oriented policy,23078149,14,5,1.2,4.03
"Beef - Tenderlion, Center Cut",Front-line demand-driven moratorium,61118316,955,2,2.5,10.92
Pop - Club Soda Can,Optimized optimizing internet solution,746046627,270,3,2.2,7.14
"Beef - Ground, Extra Lean, Fresh",User-friendly upward-trending intranet,535773329,44,1,1.2,5.61
Creme De Cacao White,Assimilated attitude-oriented process improvement,703650970,709,4,3.5,4.28
Lychee - Canned,User-friendly well-modulated database,692570279,56,1,3.4,7.54
Wine - Baron De Rothschild,Persistent actuating toolset,354001297,247,8,3.1,3.45
Wine - Pinot Noir Pond Haddock,Face to face disintermediate intranet,211960408,951,4,1.1,1.52
Coffee Decaf Colombian,Exclusive scalable hardware,281138964,77,6,3,7.63
"Pesto - Primerba, Paste",Open-architected zero defect capacity,8297633,710,6,1.6,6.36
Cheese Cloth No 60,Enhanced analyzing definition,921740779,598,3,1.6,4.47
Papayas,Down-sized 24 hour time-frame,2734545,288,1,1.7,9.84
Chicken - Livers,Open-source coherent open architecture,339080041,2,7,1,5.57
"Sauce - Apple, Unsweetened",Synergized neutral challenge,412575807,663,4,2.3,12.06
Chicken - Base,Automated client-driven open architecture,476799948,268,6,3.9,8.79
Compound - Pear,Decentralized tangible frame,641523246,99,8,1.1,7.39
Corn Syrup,Reactive secondary throughput,797277956,271,1,2.2,6.69
Chocolate Liqueur - Godet White,Exclusive context-sensitive throughput,671332854,155,8,2.2,3.40
Apple - Northern Spy,Progressive exuding project,314413777,473,4,2.1,3.90
"Nut - Pecan, Pieces",Customer-focused 24 hour encoding,671510958,376,5,1.1,3.01
Quinoa,Extended human-resource initiative,890223605,822,4,1.6,5.16
"Cake Circle, Foil, Scallop",Proactive dedicated data-warehouse,646827128,790,4,3.1,5.23
Wine - Chianti Classico Riserva,Enterprise-wide secondary hierarchy,467103234,388,0,1.3,7.68
Raisin - Golden,Front-line tertiary complexity,688994221,464,4,2.8,5.42
Beer - Sleeman Fine Porter,Versatile coherent customer loyalty,595315056,852,7,2.7,11.76
Steampan Lid,Realigned composite internet solution,158460853,601,0,3.7,4.82
Lid - 16 Oz And 32 Oz,Mandatory responsive adapter,431781983,844,0,2.7,3.40
Chocolate Bar - Smarties,Right-sized upward-trending utilisation,91064803,814,7,1.4,8.54
"Soup - French Onion, Dry",Reverse-engineered bandwidth-monitored synergy,395851507,70,1,2.3,3.99
Wine - Chateau Bonnet,Assimilated bandwidth-monitored infrastructure,997347698,925,9,1.4,9.80
Ecolab Silver Fusion,Total dedicated system engine,623899725,358,2,1.5,7.31
Napkin - Beverage 1 Ply,Visionary multi-state frame,237141841,350,0,2.5,10.73
Bay Leaf,Enterprise-wide 3rd generation local area network,113645143,401,7,1.4,4.30
Cocktail Napkin Blue,Monitored client-driven Graphical User Interface,799623834,83,6,2.6,11.41
Table Cloth 62x120 White,Phased demand-driven help-desk,946326799,24,8,1.1,7.11
Meldea Green Tea Liquor,Enterprise-wide multimedia framework,895463610,491,0,2.3,9.83
Broom - Angled,Profit-focused tangible project,928961283,486,4,2.7,7.12
Oven Mitts - 15 Inch,Total systematic service-desk,866279333,252,8,3.6,9.43
Foil - Round Foil,Mandatory 24 hour forecast,139211898,857,7,1.2,6.66
Beef - Short Loin,Synergized zero administration parallelism,846806537,389,5,3.5,6.69
"Jam - Blackberry, 20 Ml Jar",Vision-oriented static capability,334383557,287,6,1.3,7.12
Carbonated Water - Peach,Right-sized next generation moratorium,913674601,819,2,1.6,9.09
Watercress,Universal local approach,374572788,367,2,2.5,9.69
Bar Mix - Lime,Fundamental grid-enabled function,230052174,329,0,3.8,5.31
Bread - Ciabatta Buns,Down-sized motivating definition,596464036,484,2,3.9,4.88
Container - Clear 16 Oz,Compatible stable function,810828334,249,7,2.3,8.82
Coffee Guatemala Dark,Networked encompassing productivity,987392310,726,2,2.1,11.57
Wine - Saint Emilion Calvet,Quality-focused coherent productivity,149565795,521,9,1.2,4.50
Pepper Squash,Enterprise-wide bi-directional time-frame,704978545,516,2,3.1,6.84
Bar Mix - Lemon,Secured discrete middleware,423876156,305,5,1.6,7.11
Cheese - La Sauvagine,Compatible client-driven utilisation,838208741,753,7,1.7,5.09
Bacon Strip Precooked,Innovative non-volatile time-frame,241511518,226,2,3.9,4.12
Salt - Kosher,Function-based demand-driven definition,633344972,175,7,1.2,4.54
Capers - Pickled,Polarised dynamic conglomeration,736916641,831,6,1.6,3.40
Island Oasis - Pina Colada,Exclusive regional matrices,376983934,630,9,1.3,4.02
"Sprite, Diet - 355ml",Fully-configurable asymmetric open system,883807297,108,6,1.2,8.54
Anchovy Fillets,Upgradable interactive superstructure,615177041,475,3,3.5,5.04
Chips - Assorted,Polarised incremental protocol,762862412,335,7,1,6.50
Kellogs Raisan Bran Bars,Triple-buffered hybrid budgetary management,667590023,641,8,1.5,10.43
Yeast Dry - Fermipan,Triple-buffered bandwidth-monitored artificial intelligence,541243946,976,3,1.3,5.37
"Salmon - Atlantic, No Skin",Ergonomic executive challenge,186066728,642,6,1.8,4.63
Ecolab - Hobart Upr Prewash Arm,Pre-emptive eco-centric concept,257659258,956,6,3.1,6.81
Lychee,Front-line mobile matrix,970346335,839,6,1,3.02
"Pepper - Chipotle, Canned",Down-sized uniform firmware,714952935,550,7,4,8.88
Beans - Fava Fresh,User-centric secondary algorithm,466633417,269,7,2.1,4.05
"Chilli Paste, Ginger Garlic",Networked asymmetric parallelism,584149079,398,3,3.4,11.10
Beer - Rickards Red,Sharable 5th generation firmware,637575706,552,9,1.3,4.99
Milk - Buttermilk,Automated 24/7 open system,17866226,474,8,1.8,1.97
Beer - Upper Canada Light,Up-sized discrete open architecture,923175688,18,3,1.4,5.67
Sour Puss Sour Apple,Self-enabling dynamic adapter,65873878,670,2,1.3,2.04
Lettuce - Baby Salad Greens,Polarised solution-oriented hierarchy,387889528,723,1,1,7.60
Pastry - Key Limepoppy Seed Tea,Enterprise-wide national hardware,865411997,59,6,2.2,6.20
Carrots - Mini Red Organic,Total high-level adapter,54010113,660,2,1.1,9.89
Beef - Sushi Flat Iron Steak,Realigned client-driven internet solution,593865593,950,8,1.3,8.33
"Bread - Bagels, Mini",Cross-platform intangible moderator,255724674,247,4,1.6,10.08
"Beef - Ox Tongue, Pickled",Digitized executive moderator,326221592,740,9,4,5.97
Cheese - Le Cru Du Clocher,De-engineered multimedia framework,643097091,650,4,3.9,10.06
Wine - White Cab Sauv.on,Profound national knowledge user,297098628,589,4,1.9,7.10
Carbonated Water - Lemon Lime,Extended national focus group,659401992,148,6,1.6,2.20
Milk - Chocolate 500ml,Realigned static strategy,762469325,64,0,1.2,7.22
Fudge - Chocolate Fudge,Face to face stable utilisation,919764516,262,3,3.2,10.20
Beer - True North Strong Ale,Face to face value-added framework,542917695,677,0,1.5,9.32
Wine - Sawmill Creek Autumn,Stand-alone bifurcated encoding,470374423,323,2,3.5,11.89
Chinese Foods - Thick Noodles,Expanded cohesive Graphical User Interface,230686986,677,4,3.2,12.16
Spice - Pepper Portions,Expanded human-resource Graphical User Interface,273510001,488,4,1.8,10.01
Pork - Suckling Pig,Centralized user-facing open system,376699229,522,5,3,12.19
Beef - Tender Tips,Versatile holistic productivity,721679394,467,8,1.4,11.29
Wine - Kwv Chenin Blanc South,Managed multimedia system engine,962242127,465,0,1.4,5.37
Snapple - Iced Tea Peach,Sharable upward-trending initiative,945767586,979,4,2.7,10.12
Horseradish - Prepared,Centralized motivating emulation,269360766,283,0,2.2,5.67
Oven Mitt - 13 Inch,Front-line fault-tolerant monitoring,502328033,280,6,1.9,10.96
Wine - German Riesling,Monitored explicit emulation,64551503,877,7,2,4.63
"Sauce - Bernaise, Mix",Monitored hybrid superstructure,67463139,216,6,2.9,9.94
Heavy Duty Dust Pan,Phased non-volatile attitude,739082619,146,9,2.4,10.64
Wine - Soave Folonari,Pre-emptive foreground firmware,79100179,141,8,2.5,3.18
"Pineapple - Canned, Rings",Diverse exuding pricing structure,992322041,102,3,2.8,12.48
Wine - Savigny - Les - Beaune,Devolved composite complexity,413275072,726,4,2.4,7.38
Cookie Trail Mix,Function-based fresh-thinking success,610472322,31,8,3,6.44
Gelatine Powder,Polarised client-driven alliance,975514776,914,2,3.8,10.35
Cheese - Brick With Pepper,Face to face responsive project,319400939,22,8,1.3,1.68
Wine - Fontanafredda Barolo,Enterprise-wide 3rd generation focus group,591991838,633,3,3.9,10.85
Muffins - Assorted,Switchable intermediate open system,105744384,391,8,3.1,6.91
Daikon Radish,Adaptive local software,626027716,548,2,1.9,5.34
Chocolate Bar - Reese Pieces,Organized discrete middleware,555390632,900,3,2.7,5.72
Oil - Olive,Innovative homogeneous parallelism,386090389,917,4,2.4,8.25
"Beef - Bones, Cut - Up",Realigned bandwidth-monitored extranet,244880042,225,8,3.6,12.93
Cranberry Foccacia,Intuitive coherent instruction set,954488307,508,0,1.1,10.65
"Pasta - Spaghetti, Dry",Enhanced 5th generation collaboration,225338245,405,6,2.1,8.93
Mix - Cocktail Ice Cream,Implemented radical Graphical User Interface,382012314,473,8,3,4.82
Foil - Round Foil,Ergonomic local adapter,559924434,182,4,3.7,8.10
Chick Peas - Dried,Monitored hybrid monitoring,256600322,428,8,1.4,9.24
Wine - Merlot Vina Carmen,Adaptive 4th generation secured line,792682738,354,8,2.3,6.79
"Pasta - Spaghetti, Dry",Focused disintermediate orchestration,848748906,534,8,3.5,11.30
"Pork - Back, Short Cut, Boneless",Ameliorated stable matrix,501806039,832,2,1.5,5.13
"Tea - Darjeeling, Azzura",Managed background matrix,463430444,700,1,2.7,6.57
Jolt Cola,Seamless context-sensitive collaboration,708453211,745,9,1.2,9.34
Maple Syrup,Adaptive client-server website,60629391,519,8,2.6,6.48
Creme De Cacao Mcguines,Upgradable needs-based array,937769058,3,3,1.1,5.95
Pan Grease,User-centric bi-directional system engine,687265406,539,7,3.4,11.20
Petit Baguette,Intuitive attitude-oriented hierarchy,746899633,121,4,3.7,8.03
Cheese - Victor Et Berthold,Automated motivating budgetary management,273829428,282,1,1.1,7.87
"Salt - Rock, Course",Ergonomic empowering encoding,773687668,81,6,1.7,3.73
Muffin - Bran Ind Wrpd,Cloned intangible monitoring,197159010,636,3,1.8,8.33
Sugar - Splenda Sweetener,Configurable needs-based forecast,374016501,163,7,3.5,4.04
Fork - Plastic,Diverse neutral process improvement,945848784,914,2,2.6,11.69
Milk - Chocolate 500ml,Monitored tangible knowledge user,67768493,867,8,1.5,6.26
Chocolate Liqueur - Godet White,Proactive 6th generation knowledge base,723896510,911,6,2.7,11.06
Sprouts - Onion,Vision-oriented composite support,813912010,311,8,2.1,3.86
Sprouts - Alfalfa,Configurable maximized project,618708610,777,2,1.5,11.45
Sage - Ground,User-centric 3rd generation capacity,504925938,482,4,3.7,5.95
Bar Nature Valley,Intuitive solution-oriented data-warehouse,989995340,397,4,2.1,11.14
Sprouts - Pea,Realigned context-sensitive extranet,641235109,453,3,2.6,8.71
"Nut - Pecan, Halves",User-friendly empowering algorithm,429833817,910,9,2.9,3.64
Onions - Red,Secured value-added superstructure,135006727,774,4,3.2,8.58
Chicken - White Meat With Tender,Devolved coherent open architecture,537371507,715,9,1.3,2.46
"Oil - Olive, Extra Virgin",Persistent incremental archive,636148931,895,6,1.2,5.93
Kippers - Smoked,Total impactful throughput,111773609,690,6,1.5,2.70
"Yogurt - Peach, 175 Gr",Synergized value-added intranet,66278045,802,1,1.2,7.34
Seaweed Green Sheets,Reduced holistic forecast,443126850,382,8,3.5,7.78
"Flour - Corn, Fine",Up-sized 6th generation functionalities,744932497,925,9,3.6,12.92
"Pepper - Chipotle, Canned",Face to face solution-oriented ability,595252536,681,4,2.8,3.42
Irish Cream - Baileys,Networked grid-enabled support,366747962,651,8,3.8,11.41
Chips - Potato Jalapeno,Synchronised bottom-line challenge,512128507,732,4,3.5,10.14
The Pop Shoppe - Black Cherry,Versatile multi-tasking system engine,816783975,385,0,3.6,11.34
V8 Splash Strawberry Banana,Pre-emptive encompassing collaboration,6385482,198,0,1.6,11.31
Star Fruit,Extended heuristic open architecture,730780985,863,2,2.5,10.11
Isomalt,Public-key scalable projection,262747851,366,6,1.3,11.13
Beer - Fruli,Optimized demand-driven artificial intelligence,855053172,166,9,4,8.75
Food Colouring - Blue,Multi-channelled dedicated hardware,920002424,107,0,3.5,5.79
Longos - Grilled Chicken With,Horizontal next generation capacity,497677886,425,6,2.9,7.08
"Beef - Tongue, Cooked",Ergonomic contextually-based secured line,752926459,220,5,1.7,4.73
Arizona - Plum Green Tea,Synergistic dynamic intranet,113337763,339,6,2,2.22
Ostrich - Fan Fillet,Reactive full-range ability,264468272,619,1,2.5,3.21
Versatainer Nc - 9388,Stand-alone interactive matrix,196836817,194,4,2.7,7.91
"Mushroom - Morels, Dry",Down-sized 24 hour forecast,651668107,970,8,3.7,10.98
"Lemonade - Kiwi, 591 Ml",Virtual uniform synergy,71280284,982,3,1.2,7.45
"Extract - Vanilla,artificial",Quality-focused eco-centric analyzer,973514132,605,4,2.6,4.31
Tea Leaves - Oolong,Adaptive static portal,609367058,201,2,2.7,12.37
Herb Du Provence - Primerba,Stand-alone demand-driven database,927471015,796,5,3.2,7.40
Dikon,Fully-configurable national policy,968442379,920,6,1.6,2.39
Chips Potato Reg 43g,Multi-tiered zero defect analyzer,694128098,658,4,3.1,6.10
"Oregano - Dry, Rubbed",Fully-configurable local throughput,959260301,410,6,3.2,4.33
Nut - Pumpkin Seeds,Reduced 24/7 leverage,752791389,752,2,3.6,6.30
Glaze - Apricot,Face to face 4th generation open system,921381301,45,0,2.7,4.18
Kellogs All Bran Bars,Implemented directional frame,181893847,278,6,2.1,9.50
Celery,Open-architected motivating utilisation,785290851,675,0,2.3,5.05
"Jam - Strawberry, 20 Ml Jar",Universal bi-directional policy,63428786,631,0,3.7,4.04
"Octopus - Baby, Cleaned",Devolved 6th generation Graphic Interface,247913666,380,5,3.9,10.14
Corn Meal,Fundamental leading edge workforce,600706744,189,1,2.9,7.32
Wine - Fume Blanc Fetzer,Down-sized real-time complexity,620676395,735,4,3.4,11.70
Squash - Sunburst,Expanded interactive time-frame,550448643,60,3,3.1,8.77
"Mushroom - Shitake, Dry",Mandatory optimal interface,451144500,798,9,2,8.38
"Quail - Eggs, Fresh",Mandatory eco-centric forecast,669747800,47,9,3.6,6.91
Turkey Tenderloin Frozen,Reactive bandwidth-monitored protocol,360173187,880,4,2,4.31
Cheese - Valancey,Progressive responsive moratorium,925933422,957,5,3.6,6.31
"Corn - Cream, Canned",Programmable asynchronous architecture,396486434,362,1,4,9.98
Pork - Smoked Back Bacon,Synergized next generation benchmark,790175322,66,2,1,1.91
"Split Peas - Green, Dry",Public-key optimal superstructure,976455709,956,1,3.7,9.20
Bacardi Limon,Ameliorated empowering analyzer,74292621,40,6,2.4,2.97
"Lemonade - Black Cherry, 591 Ml",Exclusive motivating orchestration,989373004,713,2,2.6,2.68
Hot Chocolate - Individual,Pre-emptive full-range groupware,154273664,573,0,2.4,3.75
Extract - Lemon,Horizontal cohesive hub,805954731,596,3,3,10.87
Cup Translucent 9 Oz,Ergonomic holistic circuit,383841784,687,7,2.2,7.52
"Wine - Niagara,vqa Reisling",Multi-channelled local initiative,825353702,105,2,2,8.87
Pork - Ham Hocks - Smoked,Enterprise-wide optimal monitoring,927469546,799,1,3.7,12.73
Arizona - Green Tea,Progressive 24 hour pricing structure,705989043,925,3,2.2,11.72
Cheese - Comtomme,Quality-focused client-driven neural-net,383672277,99,3,2.7,7.61
"Juice - Grapefruit, 341 Ml",Switchable contextually-based migration,808445608,753,4,3.9,7.33
Instant Coffee,Realigned cohesive forecast,286953899,731,7,1.3,2.10
Gherkin,Right-sized regional help-desk,139294160,970,4,1.3,1.90
Initation Crab Meat,Integrated clear-thinking task-force,283309763,604,1,3.5,7.71
Jameson Irish Whiskey,Networked client-server archive,428469774,823,4,1.6,1.69
Banana,Multi-lateral upward-trending framework,494614658,477,6,3,8.45
Frangelico,Vision-oriented eco-centric local area network,18445071,167,2,2.4,2.98
Nantucket - 518ml,Extended multi-tasking definition,582663255,742,8,1.6,6.34
Extract - Lemon,Monitored value-added middleware,312723909,960,9,1.6,4.75
Sword Pick Asst,Ergonomic bifurcated structure,423764563,604,0,3.7,7.43
Rootbeer,Universal multimedia frame,194713946,233,5,2.5,9.84
Puree - Guava,Public-key 6th generation alliance,914826098,284,4,1.4,8.70
Pastry - Apple Large,Persistent value-added structure,548757446,840,0,1.7,8.95
Chambord Royal,Monitored national interface,822537301,840,8,1.6,7.68
"Cheese - Havarti, Roasted Garlic",Face to face multi-state approach,236788716,964,2,2.5,3.42
Hagen Daza - Dk Choocolate,Streamlined full-range utilisation,193411149,481,8,3.8,6.64
Soup - Campbellschix Stew,De-engineered multi-tasking local area network,186915109,169,8,1.6,2.10
Flour - Strong Pizza,Reactive 3rd generation instruction set,763329695,820,9,1.7,7.89
Mcguinness - Blue Curacao,Assimilated zero tolerance concept,207087230,41,8,3.4,10.59
Tomatillo,Progressive bi-directional structure,467990354,470,0,2.2,4.34
Spic And Span All Purpose,Centralized client-driven info-mediaries,607041000,956,2,3.7,7.77
"Pepper - Black, Ground",Operative uniform task-force,250686991,682,5,1.4,5.24
Glass Clear 7 Oz Xl,User-friendly leading edge time-frame,709109039,747,6,1.7,2.07
Easy Off Oven Cleaner,Profit-focused intangible artificial intelligence,318900084,647,6,2.1,9.04
Table Cloth 54x54 Colour,Universal content-based circuit,141021441,443,4,2.3,2.55
Wine - Alicanca Vinho Verde,Down-sized bottom-line leverage,747539885,825,7,1.2,10.58
Lemonade - Pineapple Passion,Balanced optimal portal,609042824,442,2,3.2,8.30
Snapple Raspberry Tea,Advanced cohesive solution,214999080,397,3,2.2,5.55
Corn Shoots,Function-based systemic software,68892515,576,5,1.4,8.47
"Syrup - Monin, Amaretta",Down-sized asynchronous middleware,289000406,372,3,1.7,11.26
Wine - Rosso Toscano Igt,Configurable composite application,495544515,496,1,2.4,3.06
Muffin Batt - Ban Dream Zero,Expanded bottom-line access,580438144,429,7,3.6,7.04
"Oil - Shortening,liqud, Fry",Team-oriented zero tolerance forecast,25943174,441,3,1.2,6.39
Versatainer Nc - 888,Business-focused foreground open architecture,881177455,336,0,1,2.72
Pork Casing,Balanced grid-enabled pricing structure,768370392,187,0,3.2,5.33
Flax Seed,Integrated asynchronous hierarchy,706508557,419,8,3.3,6.53
Bread - Bistro Sour,Universal bandwidth-monitored collaboration,988750882,32,2,2.3,10.41
Pepper - Sorrano,Upgradable radical Graphical User Interface,995392380,376,4,2,7.94
Pie Box - Cello Window 2.5,Function-based intermediate groupware,156770842,907,8,3,12.00
Clams - Bay,Self-enabling bifurcated budgetary management,764847661,75,0,3,6.12
Pork - Smoked Kassler,Customer-focused methodical interface,878832275,869,0,1.6,9.23
Napkin White - Starched,Enterprise-wide system-worthy local area network,929050162,67,3,1.1,11.07
Clam Nectar,Assimilated value-added productivity,821820647,683,7,3.7,9.46
"Wine - White, Riesling, Henry Of",Profound value-added ability,703797391,514,9,1.5,7.64
"Chilli Paste, Ginger Garlic",Versatile eco-centric success,426911988,626,1,3.2,6.49
Pickerel - Fillets,Cross-group local methodology,905908969,505,9,1.6,2.02
Lamb - Bones,Open-source asynchronous function,983768056,285,6,3.7,10.66
Wine - Pinot Noir Mondavi Coastal,Secured multi-state attitude,793234662,169,4,1.3,8.69
Lettuce - Escarole,Extended zero tolerance time-frame,376483202,638,0,3.8,4.49
Wine - Saint Emilion Calvet,Horizontal zero defect Graphic Interface,268281488,190,6,1.2,7.76
"Gin - Gilbeys London, Dry",Exclusive homogeneous database,301013538,396,5,1.8,6.42
Cloves - Ground,Extended contextually-based circuit,860801015,930,4,2.8,3.97
Chicken - Soup Base,Synergized scalable alliance,98846087,382,9,1.2,2.12
Flour - Chickpea,Triple-buffered reciprocal toolset,256283135,914,4,3,4.25
Soup Campbells,Team-oriented global groupware,533251693,932,6,1.7,3.26
Salmon - Fillets,Up-sized motivating firmware,590230968,494,7,3.3,4.01
Langers - Cranberry Cocktail,Upgradable intermediate data-warehouse,397609802,75,4,3.3,10.31
"Turkey - Breast, Smoked",Automated composite success,530958002,965,1,3.5,11.92
Wine - Carmenere Casillero Del,Synergized eco-centric capability,719337192,403,8,3.9,9.34
Salmon Steak - Cohoe 6 Oz,Expanded responsive protocol,152658673,16,9,2.1,3.13
Raisin - Dark,Cloned intermediate internet solution,218876222,326,1,3.4,5.44
Gherkin - Sour,Decentralized neutral software,213988390,118,9,3.5,9.87
Pork - Liver,Quality-focused tangible support,81400142,733,1,2.9,4.27
"Sprite, Diet - 355ml",User-centric holistic groupware,79905589,891,9,1.4,1.68
Tuna - Salad Premix,Devolved systemic paradigm,680381886,128,7,2.1,8.05
Tomatoes - Heirloom,Multi-channelled cohesive open system,450292179,675,2,2.8,11.32
Wine - Remy Pannier Rose,Distributed encompassing definition,365389753,986,0,2.9,6.49
Beer - Guiness,Automated grid-enabled initiative,500007881,14,8,3.5,7.25
"Sprite, Diet - 355ml",Re-contextualized 4th generation methodology,612274124,762,7,2,7.66
Momiji Oroshi Chili Sauce,Robust fresh-thinking moratorium,107420886,430,7,3.3,10.24
Pork - Belly Fresh,Focused secondary open architecture,788839180,181,4,3.4,11.94
Tea - Grapefruit Green Tea,Future-proofed zero defect encryption,447052704,713,6,3.5,4.37
"Pepper - Paprika, Hungarian",Universal bifurcated Graphical User Interface,69733095,395,4,2.7,5.47
Cabbage - Green,Synchronised composite utilisation,595521950,440,9,3.6,11.98
Myers Planters Punch,Visionary interactive complexity,517960485,910,9,1.3,10.60
Chicken Giblets,Assimilated scalable forecast,477108132,144,8,2.9,11.13
Tomatoes,Exclusive disintermediate matrices,386724516,19,0,3.9,4.78
Veal - Bones,Intuitive composite system engine,537218735,249,4,3.9,9.22
"Capon - Breast, Wing On",Universal user-facing application,701835100,511,5,3.5,11.99
Fork - Plastic,Diverse needs-based alliance,694379416,154,1,2.8,3.16
Carbonated Water - Cherry,Synergistic tangible initiative,214468508,60,5,1.6,8.27
Wine - Vineland Estate Semi - Dry,Polarised encompassing help-desk,542866821,343,1,1.4,8.78
"Crab - Back Fin Meat, Canned",Progressive analyzing artificial intelligence,325232119,829,8,2,7.25
Plasticforkblack,Phased reciprocal concept,628103698,918,2,1,5.60
Scallops 60/80 Iqf,Re-engineered tangible interface,797500005,583,5,2.9,10.86
"Doilies - 7, Paper",Virtual human-resource instruction set,240285382,233,9,3.2,10.17
Flour - All Purpose,Optimized even-keeled system engine,807573602,797,9,3.8,8.31
Milk - 2%,Extended multimedia Graphical User Interface,127507780,397,2,1.2,4.86
Cakes Assorted,Switchable asynchronous open system,854032305,12,1,3.7,9.48
Wine - Shiraz Wolf Blass Premium,Virtual non-volatile database,709308859,68,2,1.1,6.87
Dragon Fruit,Ergonomic optimizing open system,362933236,260,9,1.5,6.82
Potatoes - Idaho 100 Count,Customizable impactful strategy,100767252,569,6,3.5,7.18
Compound - Passion Fruit,Compatible multi-tasking groupware,904203303,380,9,2,6.39
Soup - Campbells - Tomato,Team-oriented analyzing encryption,683264641,781,6,2.8,5.78
Tea - Jasmin Green,Focused asynchronous task-force,744102020,30,8,1.8,9.01
Flower - Commercial Spider,Re-engineered multimedia capability,280149788,312,6,1.7,2.56
Sour Puss Sour Apple,Polarised leading edge definition,341084934,193,6,2.9,5.36
Sausage - Andouille,Triple-buffered 24 hour contingency,961604963,129,0,3.1,10.10
Mustard Prepared,Seamless multi-tasking data-warehouse,325947657,91,3,1.5,8.44
Pepper - Red Thai,Synchronised methodical protocol,314061115,199,9,2.4,4.54
Tequila - Sauza Silver,Exclusive intangible initiative,114155044,738,3,3.1,6.11
Lotus Root,Visionary bifurcated middleware,74630335,152,7,1.9,5.33
Dehydrated Kelp Kombo,Switchable context-sensitive standardization,780895217,38,8,3.1,3.98
Veal Inside - Provimi,Self-enabling system-worthy secured line,504299703,926,3,3.6,6.21
Tuna - Fresh,Vision-oriented 3rd generation emulation,708605842,813,9,1.1,3.15
Ice Cream - Chocolate,Adaptive mobile protocol,656568216,689,2,1.2,7.74
Beans - Butter Lrg Lima,Enterprise-wide real-time matrix,775607026,485,5,3.5,9.88
Oil - Avocado,Reactive maximized concept,102788778,420,7,2,7.87
Cleaner - Pine Sol,Managed needs-based implementation,876544941,921,7,2.5,10.54
Cake - Sheet Strawberry,Multi-channelled didactic protocol,895196893,927,9,2.4,7.92
Beef Cheek Fresh,Enterprise-wide bottom-line ability,179970373,349,6,2.9,8.54
Sponge Cake Mix - Vanilla,Re-engineered local firmware,278827444,969,5,1.7,2.58
Mushroom - Chanterelle Frozen,Persistent client-driven alliance,418544558,424,1,1.4,5.38
"Cheese - Boursin, Garlic / Herbs",User-friendly systemic website,441958784,436,7,1.6,4.53
"Wine - Red, Lurton Merlot De",Reduced logistical encryption,304962351,492,4,3.3,9.72
"Mustard - Dry, Powder",Cross-group fresh-thinking complexity,928471344,820,5,1.2,10.77
"Red Snapper - Fillet, Skin On",Fully-configurable multimedia forecast,963087849,531,3,3.3,3.60
Beef - Montreal Smoked Brisket,De-engineered bandwidth-monitored knowledge user,71162811,500,6,1.9,8.30
Oil - Avocado,Open-source methodical productivity,761297108,157,7,3.7,6.56
Wine - Charddonnay Errazuriz,Configurable 24 hour contingency,253240707,857,1,2.1,7.37
Basil - Seedlings Cookstown,Enterprise-wide exuding budgetary management,245299040,318,0,2.1,4.93
Bacardi Raspberry,Open-source national core,890021953,502,9,1.1,6.20
"Mushroom - Oyster, Fresh",Monitored 24 hour analyzer,720168901,698,9,2.4,10.70
Goulash Seasoning,Quality-focused tangible protocol,37613137,179,4,3.3,6.66
Pomello,Operative well-modulated firmware,296971458,43,8,3.6,11.13
Pork - Backs - Boneless,Compatible background initiative,284312532,258,8,2.2,11.06
"Noodles - Cellophane, Thin",Optimized user-facing contingency,121173682,942,3,2.9,8.75
Truffle Cups - Red,Team-oriented heuristic Graphic Interface,688365688,421,8,3.2,11.41
Samosa - Veg,Front-line bi-directional policy,686365748,263,6,2.7,12.03
Oysters - Smoked,Universal next generation orchestration,148258827,506,7,1.8,10.71
Fondant - Icing,Cross-group didactic conglomeration,188817017,74,3,1.1,7.89
Bread - French Stick,Multi-tiered bandwidth-monitored architecture,219005709,104,8,3.8,4.92
Appetizer - Mango Chevre,Extended multi-tasking adapter,685880948,602,9,2.5,10.79
Eggwhite Frozen,Expanded executive help-desk,775651140,234,0,3.7,9.02
"Halibut - Whole, Fresh",Configurable attitude-oriented array,480730801,979,9,1.3,5.85
Leeks - Large,Organized mission-critical implementation,473532587,888,8,2.3,9.02
Cup - Paper 10oz 92959,Streamlined next generation orchestration,329491603,475,3,2.4,3.12
Sugar - White Packet,Cross-platform system-worthy circuit,89957255,871,3,1.4,2.73
Chicken - Ground,Advanced encompassing moratorium,819347644,815,3,1.8,8.53
Sprouts - Corn,Triple-buffered context-sensitive forecast,296756852,340,8,3.6,7.24
"Soup - Campbells, Minestrone",Face to face intangible analyzer,480778627,982,3,2.8,10.62
Wine - Pinot Noir Pond Haddock,Phased didactic secured line,659781937,595,5,1.7,10.98
Onion - Dried,Customizable asynchronous emulation,775069984,924,7,3.5,6.32
Coffee Swiss Choc Almond,Customer-focused scalable contingency,743990165,371,8,1.5,3.40
Filter - Coffee,De-engineered motivating intranet,311852117,508,1,1.4,8.97
"Beef - Ox Tail, Frozen",Team-oriented system-worthy budgetary management,25754077,711,5,1.3,10.75
"Vermouth - White, Cinzano",Function-based bandwidth-monitored middleware,171120124,181,5,2.7,4.10
Straw - Regular,Synchronised bifurcated forecast,971002902,518,0,2.8,12.78
Bag Clear 10 Lb,Automated context-sensitive internet solution,751685392,447,6,3.7,6.80
Cilantro / Coriander - Fresh,Re-engineered cohesive utilisation,956711919,76,8,2.4,11.83
Miso Paste White,Virtual background attitude,346531542,755,0,1.4,2.41
Garbage Bag - Clear,Focused multi-state projection,611862237,545,6,3.9,11.88
Salmon Steak - Cohoe 8 Oz,Synergistic regional orchestration,272663711,64,3,2.5,9.72
"Wine - Red, Colio Cabernet",Vision-oriented 24/7 capacity,639082597,644,1,1.6,9.54
Cake Slab,Customer-focused optimal pricing structure,212486371,115,8,3.3,3.50
Gatorade - Orange,Organized dedicated time-frame,21180204,76,0,2.7,10.05
Beer - Sleeman Fine Porter,Stand-alone systemic adapter,67439996,718,8,3.9,11.84
Beer - Muskoka Cream Ale,Seamless full-range secured line,757898786,589,9,3.3,4.96
Nori Sea Weed - Gold Label,Up-sized zero tolerance solution,492780135,841,7,3.9,13.00
English Muffin,Quality-focused bi-directional pricing structure,829048673,962,6,1.9,2.96
Sprouts - Brussel,User-centric 24/7 collaboration,594243426,711,0,3.1,13.00
Squash - Butternut,Reverse-engineered disintermediate pricing structure,946951594,233,1,3,7.35
Curry Powder Madras,Pre-emptive contextually-based database,713955655,823,6,3.6,8.25
Wine - Gato Negro Cabernet,Devolved web-enabled implementation,490877729,630,8,2,4.71
"Wine - Red, Gamay Noir",Virtual background artificial intelligence,314084152,56,0,3,7.10
Beer - Sleeman Fine Porter,Multi-tiered systemic methodology,462421049,228,6,2.3,8.76
Appetizer - Cheese Bites,Re-contextualized non-volatile interface,936588293,727,0,3.9,13.87
Salt - Sea,Managed directional hardware,659103824,990,3,2.9,12.63
Pepper - Red Chili,Programmable full-range forecast,287692151,185,1,3,5.78
Wine - Rosso Toscano Igt,Intuitive bottom-line firmware,991281047,999,3,1.9,9.78
Sage - Rubbed,Open-source analyzing utilisation,689994151,111,1,3.8,4.43
Jam - Raspberry,Front-line non-volatile interface,283073088,856,2,1.7,2.91
Oil - Canola,Object-based executive groupware,129640489,791,3,3,11.78
Blouse / Shirt / Sweater,Implemented disintermediate installation,978653210,744,5,3.5,4.39
"Roe - Lump Fish, Black",Streamlined mission-critical function,654226981,965,8,2.5,4.75
Spice - Peppercorn Melange,Team-oriented didactic implementation,746427484,324,3,3.9,8.02
Orange Roughy 6/8 Oz,Switchable methodical utilisation,402944510,369,5,2.8,2.87
"Wine - Saint - Bris 2002, Sauv",Adaptive heuristic internet solution,510425608,606,5,2.5,10.46
"Apple - Delicious, Golden",Multi-layered bandwidth-monitored time-frame,138219552,699,7,2.7,5.18
Sour Puss Sour Apple,Total uniform algorithm,38872760,246,2,3.4,6.66
Potatoes - Pei 10 Oz,Down-sized zero defect infrastructure,491567929,208,0,3.9,8.46
"Nut - Pecan, Halves",Extended 24/7 system engine,797721641,150,1,3.4,10.84
Juice - Orange,Innovative local help-desk,725649829,43,4,3.1,9.81
Juice - Ocean Spray Kiwi,Triple-buffered multi-tasking moderator,443807314,906,6,2.4,3.97
Energy Drink,Virtual heuristic array,275377104,460,5,2.3,5.16
Broom Handle,Advanced modular workforce,193639220,854,9,1.8,4.82
Calvados - Boulard,Reactive 24/7 complexity,281369848,161,4,1.6,1.83
Tequila - Sauza Silver,Secured intangible framework,67330137,930,9,1.2,4.09
Shiro Miso,Open-architected web-enabled moratorium,93155870,656,4,2.5,11.62
"Pasta - Fusili, Dry",Pre-emptive value-added internet solution,33462058,119,5,2.1,5.66
Beef Ground Medium,Reverse-engineered homogeneous portal,671208113,841,8,3.5,11.40
Wine - Piper Heidsieck Brut,Progressive composite product,986674940,669,3,1.9,5.86
Carbonated Water - Strawberry,Assimilated logistical methodology,397636735,647,0,1.3,2.68
Onions - Cippolini,Devolved 6th generation utilisation,357601915,430,9,1.1,7.55
Garlic Powder,Streamlined homogeneous challenge,914328673,27,3,2,8.66
"Cake Circle, Foil, Scallop",Secured optimal matrix,214235766,841,9,3.5,12.36
Muffin - Blueberry Individual,Open-source real-time superstructure,466207996,501,6,3.2,7.49
"Quail - Whole, Boneless",Customizable reciprocal migration,413436622,250,4,2.3,6.03
Bread - Crusty Italian Poly,Front-line maximized concept,685275972,508,7,1.7,9.74
Papadam,Seamless fresh-thinking encoding,693757185,866,4,1.9,2.29
Tofu - Firm,Innovative client-driven intranet,481805424,448,9,3.7,6.63
Carbonated Water - Lemon Lime,Robust directional challenge,512473928,667,3,1.6,10.53
"Beans - Black Bean, Dry",Integrated fault-tolerant interface,89422496,120,2,1.8,11.55
Nantucket Orange Juice,Ameliorated regional data-warehouse,587043835,859,5,2.5,8.01
Ginger - Ground,Configurable solution-oriented migration,594596296,169,8,2.7,5.67
"Turkey - Breast, Bone - In",Total composite hierarchy,389152676,908,7,1.1,6.84
"Wine - Red, Mouton Cadet",Cloned foreground knowledge user,286795563,546,9,1.8,10.39
Squash - Butternut,Secured coherent artificial intelligence,477432797,482,0,1.6,8.89
Longos - Chicken Cordon Bleu,Adaptive encompassing secured line,334984482,230,0,2.2,11.46
Spinach - Baby,Fully-configurable contextually-based strategy,222435495,995,0,2.1,11.42
Sping Loaded Cup Dispenser,Devolved scalable framework,81034783,930,0,1.5,4.27
Canada Dry,Triple-buffered 4th generation alliance,580941839,372,1,3.1,5.95
Bar - Granola Trail Mix Fruit Nut,Phased impactful support,982631504,367,6,1.4,4.33
Danishes - Mini Cheese,Programmable value-added policy,595825136,32,6,1.3,4.13
Salmon - Fillets,Optional needs-based attitude,261279205,467,8,2.6,7.09
Sansho Powder,Organic eco-centric synergy,840409925,881,8,3.4,12.46
Coffee - Cafe Moreno,Object-based empowering Graphical User Interface,62660771,856,0,2.1,8.80
Mini - Vol Au Vents,Fully-configurable leading edge Graphic Interface,777787884,742,3,2.6,8.00
Energy Drink Bawls,Face to face disintermediate policy,800173435,837,0,1.6,8.59
Sobe - Cranberry Grapefruit,Centralized zero administration productivity,810061535,410,7,2.3,4.86
Beer - Upper Canada Lager,Decentralized intermediate collaboration,666447629,37,4,1.7,3.63
Spice - Onion Powder Granulated,Team-oriented global concept,792962568,126,7,2.9,10.50
"Pail - 4l White, With Handle",Implemented 4th generation info-mediaries,572094827,483,6,2.8,6.92
Cilantro / Coriander - Fresh,Managed well-modulated throughput,2443893,762,2,3.3,5.96
"Turnip - White, Organic",Enterprise-wide high-level circuit,61424675,480,8,3.3,9.04
Baking Soda,Centralized system-worthy standardization,59122715,50,6,1.2,7.79
"Lemonade - Mandarin, 591 Ml",Synergistic uniform strategy,133867013,114,7,2,9.98
Beef - Bresaola,Pre-emptive neutral extranet,207430866,481,1,1.5,11.17
Cake - Sheet Strawberry,Balanced eco-centric alliance,36586935,833,5,4,11.94
"Crush - Orange, 355ml",Multi-tiered solution-oriented concept,77060058,177,5,3.6,10.49
Flour - Strong Pizza,Diverse solution-oriented moratorium,245338458,958,1,3.2,3.62
Food Colouring - Orange,Compatible systematic synergy,659738560,82,0,2.9,11.99
Cake Slab,Persistent solution-oriented concept,667909704,815,2,2.4,4.25
"Yogurt - Blueberry, 175 Gr",Stand-alone global structure,157275880,574,0,3.9,9.64
Galliano,Cross-platform bottom-line moderator,903473859,722,5,1.7,5.52
Lettuce - Sea / Sea Asparagus,Organized motivating model,608463418,633,3,2.2,5.52
Wine - Masi Valpolocell,Organic logistical success,325892203,930,5,1.8,5.57
"Pasta - Tortellini, Fresh",Cross-platform executive array,430808681,193,9,1.5,5.57
Graham Cracker Mix,Diverse secondary extranet,976165433,2,8,1.1,7.89
Munchies Honey Sweet Trail Mix,Total 3rd generation model,298092063,960,0,3.7,6.66
Wine - Prosecco Valdobienne,Progressive heuristic internet solution,45462633,594,1,1.9,11.83
Water - Green Tea Refresher,Innovative tangible paradigm,963675879,733,1,1.6,2.16
Pickle - Dill,Enterprise-wide disintermediate utilisation,403305741,579,5,1.5,9.55
"Mustard - Dry, Powder",Visionary value-added model,217834210,806,3,3.6,10.04
Tea - Apple Green Tea,Monitored maximized artificial intelligence,320975601,459,5,2.2,2.67
Amarula Cream,Persevering maximized solution,286931527,530,4,1,3.10
"Tart Shells - Barquettes, Savory",Vision-oriented demand-driven data-warehouse,364840246,927,2,1.5,9.84
"Bread - Roll, Canadian Dinner",Down-sized 24/7 access,395716636,4,1,2.9,11.90
Sugar - Cubes,Versatile clear-thinking contingency,658589643,12,9,2.2,5.75
Pop - Club Soda Can,Innovative incremental emulation,628428153,375,9,2,9.39
Apple - Custard,Innovative exuding capability,241887656,627,0,1.3,8.75
Grapefruit - White,Networked executive installation,766057352,621,1,1.2,11.07
"Cookies - Oreo, 4 Pack",Customer-focused tertiary array,630493052,85,6,2.2,8.89
Soup Bowl Clear 8oz92008,Cloned responsive solution,699760113,912,5,3.4,6.60
"Lid - 10,12,16 Oz",Front-line scalable frame,894826081,337,6,1.3,8.98
Papayas,Implemented needs-based approach,736558701,267,6,3,3.84
Broom Handle,De-engineered tertiary support,682939447,114,3,1.2,2.20
Parsnip,Seamless bottom-line local area network,304564168,559,0,3.8,5.21
"Mop Head - Cotton, 24 Oz",Horizontal bandwidth-monitored firmware,432322012,542,7,3.1,10.98
Cheese - Bocconcini,Ergonomic human-resource definition,471467769,425,7,2.8,10.47
English Muffin,Business-focused upward-trending capability,466725405,80,0,2.5,12.13
Juice - Prune,Cross-group high-level budgetary management,768719927,740,0,2.5,3.94
Mcguinness - Blue Curacao,Object-based holistic access,635122162,319,7,2.4,8.24
Milk - Homo,Front-line secondary architecture,910754849,683,5,3.3,10.57
Bread - Onion Focaccia,Open-architected systemic productivity,5934605,509,2,1.2,10.25
Wine - Red Oakridge Merlot,Triple-buffered needs-based open system,399295520,609,3,2.3,8.78
Grapes - Black,Down-sized intangible extranet,943877117,19,0,3.7,3.90
Spinach - Frozen,Persistent stable service-desk,125274677,169,9,1.5,4.56
Tuna - Yellowfin,Switchable discrete matrices,217392331,43,0,3.6,7.83
Initation Crab Meat,Devolved interactive installation,460748245,537,0,2.3,10.53
The Pop Shoppe - Root Beer,Programmable uniform definition,88525214,563,0,1.2,10.11
Pie Filling - Pumpkin,Fully-configurable zero defect software,173454104,293,0,2.4,6.70
Butcher Twine 4r,Focused client-server implementation,560598401,437,7,1.3,2.74
Wine - Sauvignon Blanc,Centralized optimal ability,579312872,400,1,1.6,11.22
"Oranges - Navel, 72",Phased solution-oriented synergy,552951171,462,3,1.7,4.66
Towel - Roll White,Optional 6th generation leverage,739295274,245,2,1.2,5.67
Eggplant Oriental,Function-based multi-tasking adapter,815791724,251,4,2,9.55
Compound - Passion Fruit,Synergistic optimal ability,488150970,310,1,3.6,11.01
"Water, Tap",Triple-buffered zero tolerance synergy,395891662,245,8,2.9,3.32
Muffin - Mix - Strawberry Rhubarb,Devolved incremental array,200834573,828,4,2.7,4.53
Cabbage - Red,Horizontal fresh-thinking capacity,655451004,659,5,1.9,3.40
Lid - 3oz Med Rec,Triple-buffered secondary productivity,423188145,368,3,2.3,3.80
Wine - Ruffino Chianti,Customizable 6th generation functionalities,33216632,39,3,3.2,12.65
Sultanas,Phased context-sensitive product,204343309,588,8,3.1,6.90
Sea Urchin,Adaptive zero administration emulation,877350047,865,7,3.7,9.02
Cheese - Fontina,Innovative bi-directional implementation,978433000,451,9,1.7,7.61
"Appetizer - Spring Roll, Veg",Cross-group neutral pricing structure,540081526,22,3,1.1,9.73
Pastry - Banana Muffin - Mini,Profound logistical secured line,294577690,866,4,2.8,5.00
"Juice - V8, Tomato",Devolved well-modulated task-force,844686290,609,7,2.8,10.13
Cloves - Ground,Synergized hybrid complexity,816940254,522,6,3.8,12.69
Food Colouring - Red,Enterprise-wide leading edge customer loyalty,792670711,633,9,1.6,5.21
Lamb - Sausage Casings,Decentralized asynchronous secured line,342264446,732,7,1.7,4.90
Bagelers - Cinn / Brown,Cloned solution-oriented protocol,800132695,373,6,1.1,7.76
Okra,Adaptive multi-tasking open system,78887291,942,4,2.6,10.54
Cup - 4oz Translucent,Front-line eco-centric challenge,772394242,814,3,3.5,8.25
Plastic Arrow Stir Stick,Object-based grid-enabled migration,179833467,193,5,1.8,6.34
Beef - Montreal Smoked Brisket,Optimized composite toolset,580784839,461,3,3.8,12.41
Isomalt,Multi-lateral multi-state Graphic Interface,750667590,519,8,2.1,7.88
Fib N9 - Prague Powder,Object-based optimizing interface,798145658,892,0,1.4,9.84
Soup - French Can Pea,Integrated well-modulated approach,850804031,787,2,2,10.48
Artichokes - Jerusalem,Business-focused object-oriented hardware,793327800,341,6,1.8,6.71
Veal - Liver,Persistent secondary orchestration,763008602,851,4,2.8,8.36
"Turkey - Breast, Smoked",Cross-group full-range knowledge user,437388816,49,9,2.6,5.77
Roe - White Fish,Re-contextualized exuding definition,247932614,392,9,1.7,4.86
"Water - Spring Water, 355 Ml",Object-based scalable alliance,577331832,915,2,3.8,9.83
Beer - Paulaner Hefeweisse,Front-line bandwidth-monitored concept,786123445,259,7,3.7,6.53
Bread - Triangle White,Focused mobile matrices,791853069,983,6,1.4,9.55
Ice Cream Bar - Drumstick,Seamless grid-enabled artificial intelligence,975618295,909,1,2.9,10.76
Vanilla Beans,Optional mobile website,126992499,115,7,2.5,9.88
Lychee - Canned,Distributed mission-critical extranet,982217358,830,9,2.6,5.66
Neckerchief Blck,Enhanced secondary adapter,746842161,869,0,3.7,8.97
Beer - Tetleys,Multi-channelled directional task-force,483585584,250,7,1.5,4.98
Sage - Fresh,Open-architected scalable functionalities,759406650,104,9,3.4,7.11
Kirsch - Schloss,Open-source didactic hub,720682181,704,0,2.1,7.07
Lychee - Canned,Phased zero tolerance moderator,502010603,5,8,3.4,11.27
Soup - Cream Of Potato / Leek,Vision-oriented cohesive strategy,259660769,22,7,3.3,6.09
Olives - Kalamata,Progressive asymmetric adapter,68391789,327,1,2.2,5.25
"Soup - Campbells, Butternut",Distributed modular matrix,444769588,814,6,2.7,10.89
Juice - Apple 284ml,Multi-tiered impactful array,730326378,571,5,1.1,6.31
Sponge Cake Mix - Vanilla,Up-sized intangible throughput,948164312,812,7,3.1,11.79
Flavouring Vanilla Artificial,Profound clear-thinking portal,167752852,858,9,1.9,9.94
"Potatoes - Yukon Gold, 80 Ct",Enhanced next generation algorithm,851747080,814,6,2.3,4.20
Jerusalem Artichoke,Public-key disintermediate adapter,731229283,481,0,1.8,6.52
Coffee Cup 16oz Foam,Stand-alone national initiative,375107736,787,7,1.3,3.53
Ecolab - Medallion,Customizable hybrid conglomeration,643286084,537,0,3.2,7.93
Cheese - Pont Couvert,Implemented 5th generation encryption,878551959,209,7,2.1,5.34
Pork Salted Bellies,Re-contextualized neutral open system,428842699,288,4,1.3,5.70
Bread - Burger,Quality-focused local system engine,716753293,172,5,2,11.42
Dehydrated Kelp Kombo,Self-enabling regional implementation,998253801,456,2,1.5,2.29
Kellogs Raisan Bran Bars,Integrated analyzing archive,311795936,413,7,3.3,7.74
"Pepper - Green, Chili",Devolved asymmetric monitoring,662119468,294,4,2.7,3.44
Bandage - Flexible Neon,Ameliorated bi-directional internet solution,613298418,750,3,2.8,8.01
Swordfish Loin Portions,Profound solution-oriented help-desk,73443707,590,8,1.7,9.86
"Bread - Rolls, Corn",Visionary reciprocal success,978876368,659,2,3.3,7.44
Lettuce - Green Leaf,Multi-tiered local matrices,519114854,495,8,1.8,11.05
Yeast Dry - Fleischman,Profit-focused logistical array,944525035,252,5,3.8,9.05
Longos - Lasagna Veg,Extended non-volatile protocol,101971795,745,2,3.8,11.43
Wine - Cava Aria Estate Brut,Pre-emptive tangible architecture,203059867,40,1,2.4,7.10
Sausage - Andouille,User-centric attitude-oriented portal,815179910,658,5,1.4,2.93
Lid Coffee Cup 8oz Blk,Function-based directional emulation,282165047,393,8,3.9,4.01
Wine - Vidal Icewine Magnotta,Automated exuding monitoring,322776891,519,3,2.2,10.02
Tuna - Fresh,Visionary full-range knowledge base,754444810,879,7,2.4,12.37
Wild Boar - Tenderloin,Fundamental maximized policy,92550661,796,9,3.1,10.72
Sugar - Cubes,Managed client-server migration,539765097,446,3,1.7,11.67
Cleaner - Lime Away,Exclusive neutral protocol,134302137,635,2,3.7,6.38
Bread - Crusty Italian Poly,Total heuristic benchmark,995554805,473,9,2.4,9.94
Cheese - Pied De Vents,Digitized human-resource array,824812256,661,2,1.6,11.00
"Pasta - Cappellini, Dry",Vision-oriented multi-state firmware,571290074,216,0,1.3,8.41
Graham Cracker Mix,Public-key mobile orchestration,857234414,434,0,2.7,7.36
Beans - Fava Fresh,Team-oriented next generation encryption,792171081,692,8,2.8,10.19
Ecolab - Hand Soap Form Antibac,Public-key value-added model,278951361,303,5,1.4,6.16
"Pail - 15l White, With Handle",Phased composite migration,532980372,760,7,2.7,2.86
Tequila Rose Cream Liquor,Intuitive intermediate support,564549008,852,9,2.5,12.46
"Juice - Orange, Concentrate",Exclusive context-sensitive conglomeration,699187738,800,3,3.6,4.01
Beer - Mill St Organic,Polarised disintermediate array,320589153,887,0,1.8,1.86
Dawn Professionl Pot And Pan,Right-sized discrete local area network,617978250,879,6,1.5,8.37
Muffin Orange Individual,Profound radical local area network,481329680,72,6,2.9,9.77
Chicken - White Meat With Tender,Mandatory user-facing website,845013513,677,8,2.8,8.70
Puff Pastry - Sheets,Advanced mobile help-desk,468209186,941,1,3.9,12.13
Pepper - Chilli Seeds Mild,Profound 5th generation projection,548404917,763,4,3.1,9.03
"Bread - Pita, Mini",User-friendly eco-centric system engine,660678626,408,5,4,7.70
Appetizer - Assorted Box,Multi-tiered next generation installation,371932481,761,2,1.8,2.89
Extract - Raspberry,Re-contextualized value-added algorithm,37476211,517,5,1.5,7.36
Bread - Triangle White,Streamlined eco-centric migration,430268223,126,8,2.2,2.77
Rabbit - Frozen,Cross-platform asymmetric algorithm,743804041,285,2,3.1,7.02
Duck - Fat,Quality-focused reciprocal time-frame,786206720,374,9,2.8,4.66
Olive - Spread Tapenade,Innovative uniform hub,268312000,744,6,1.8,6.33
"Nut - Walnut, Pieces",Seamless object-oriented capacity,237462196,431,9,1.9,2.36
"Water - Mineral, Carbonated",Open-architected composite service-desk,104465807,311,8,1.2,4.03
Fiddlehead - Frozen,Secured mobile benchmark,172978185,142,2,2.6,11.04
Avocado,Proactive transitional hierarchy,268959056,605,0,3.8,12.24
Bread - Multigrain Oval,Open-architected context-sensitive alliance,530253866,938,4,1.1,8.64
"Extract - Vanilla,artificial",Advanced next generation synergy,554461272,449,6,2.5,8.13
Garam Masala Powder,Re-contextualized 24/7 application,336413214,477,9,3,5.64
"Wine - White, Ej",Persevering mobile forecast,990678510,552,5,3.7,10.83
Coffee - Decaffeinato Coffee,Profound incremental knowledge user,569701940,604,7,2.6,3.67
"Veal - Inside, Choice",Reactive national definition,983849380,791,5,1.1,4.57
Table Cloth 91x91 Colour,Reduced object-oriented system engine,757353585,240,0,2.5,9.42
Pastry - Trippleberry Muffin - Mini,Public-key intangible hub,70556663,714,7,1.3,1.38
Flour - Bread,Fully-configurable bifurcated database,762641956,124,6,2.7,5.03
Cardamon Seed / Pod,Multi-tiered cohesive toolset,741542924,118,5,3.2,12.98
"Crush - Orange, 355ml",Cloned radical application,695216991,58,6,3.6,6.78
Scallops - 10/20,Innovative bifurcated info-mediaries,307396341,896,0,1.2,10.21
Grapes - Red,Programmable static time-frame,782836266,312,3,3.3,3.90
Cookies Almond Hazelnut,Horizontal asynchronous support,287919492,856,9,2.3,2.48
Cleaner - Pine Sol,Ameliorated bifurcated Graphic Interface,562868708,429,3,1.3,1.78
Muffin - Blueberry Individual,Stand-alone grid-enabled hierarchy,23489521,989,8,1.8,3.79
Versatainer Nc - 8288,Universal bottom-line capability,352745672,339,6,2.4,8.73
Pizza Pizza Dough,Seamless grid-enabled attitude,532150032,599,4,2.5,3.84
Pastry - Plain Baked Croissant,Open-architected uniform info-mediaries,96383131,235,8,3.7,10.90
Bread Base - Gold Formel,Organic homogeneous model,780659493,41,5,1.3,2.12
"Beef - Ox Tail, Frozen",Sharable high-level knowledge user,999513595,672,7,3.1,11.23
Crab - Imitation Flakes,Re-contextualized bifurcated toolset,678527683,734,1,3.2,8.80
Flower - Commercial Bronze,Seamless systemic function,97609324,36,8,1.8,9.55
Beef - Striploin Aa,Grass-roots solution-oriented algorithm,703908372,802,8,3.1,12.54
Mix Pina Colada,Reverse-engineered secondary help-desk,769391932,835,7,3.4,4.82
Mcguinness - Blue Curacao,Self-enabling context-sensitive instruction set,979470405,934,9,3.5,5.37
"Pasta - Fettuccine, Dry",Adaptive neutral process improvement,598563712,826,2,3.1,11.32
Tea Leaves - Oolong,Customer-focused zero defect moratorium,765149495,970,2,3.2,4.60
Corn - On The Cob,Adaptive bottom-line intranet,707184756,742,8,2.4,5.38
Steel Wool,Team-oriented regional help-desk,5040710,525,7,1.8,8.83
"Nut - Peanut, Roasted",Advanced global open system,93388185,746,9,3.3,6.68
Sambuca - Opal Nera,Self-enabling solution-oriented synergy,255112898,271,2,2.9,3.76
Wine - Cotes Du Rhone Parallele,Profit-focused clear-thinking throughput,454336366,16,7,3,9.98
"Pasta - Bauletti, Chicken White",Pre-emptive static groupware,251515077,189,6,1.9,3.76
Cup Translucent 9 Oz,Upgradable regional open architecture,119523351,330,7,2.2,5.27
Gooseberry,Innovative intangible algorithm,938645359,150,0,1.3,10.39
Juice - Apple Cider,Fundamental multimedia extranet,412356754,626,2,3.9,11.12
Propel Sport Drink,Customer-focused eco-centric paradigm,207165250,568,3,1.5,6.79
Gelatine Leaves - Bulk,Compatible discrete projection,933110519,312,8,3.7,11.87
"Lamb - Whole, Frozen",Horizontal holistic projection,517756881,28,4,3.5,12.09
Mushroom - Portebello,Organized non-volatile archive,151419667,160,1,1.5,9.87
Cheese - Augre Des Champs,Assimilated optimizing emulation,780746194,500,6,1.8,10.21
Beer - Heinekin,Up-sized 24 hour contingency,478093964,19,1,1.6,10.61
Thyme - Fresh,Secured intangible projection,308473608,298,6,2.5,3.23
Ostrich - Prime Cut,Vision-oriented 24/7 intranet,155164216,335,3,2,3.11
"Lamb - Whole Head Off,nz",Secured client-driven system engine,148734280,33,6,2.5,8.26
Bread - White Mini Epi,Innovative next generation utilisation,679842742,520,8,1.5,7.72
"Quail - Eggs, Fresh",Mandatory tangible initiative,589965413,230,2,1.6,3.68
"Pork - Bacon, Sliced",Decentralized bi-directional conglomeration,64606103,31,6,1.9,4.61
Bread - Rye,Advanced reciprocal toolset,713275953,715,2,2.2,8.41
Compound - Passion Fruit,Seamless static interface,876923806,502,7,3.6,10.14
French Pastries,Advanced upward-trending projection,528975372,866,3,3.6,3.99
"Sauce - Soya, Dark",Re-contextualized multi-state firmware,840510050,778,3,2,10.25
Chocolate Bar - Reese Pieces,Persevering modular support,474674847,663,2,2.3,6.14
Kirsch - Schloss,Multi-lateral disintermediate framework,296638892,736,5,3.1,3.45
"Beans - Kidney, Red Dry",Open-architected secondary initiative,473794272,526,4,3.4,9.86
Thyme - Dried,Public-key tertiary structure,353515787,215,9,2.8,5.25
Bread Roll Foccacia,Open-architected mobile archive,800264513,466,5,3.9,12.82
Beets,Advanced analyzing portal,634863131,220,5,2.6,8.78
Coffee - Espresso,Multi-channelled 24 hour system engine,487629607,131,6,3.3,8.33
Chinese Foods - Plain Fried Rice,Synchronised dynamic standardization,441413218,819,4,1.1,6.07
"Beef - Rib Roast, Capless",Ameliorated systemic conglomeration,287657072,39,5,3.8,5.93
Flounder - Fresh,Upgradable 24/7 help-desk,881127910,826,3,4,5.96
Bowl 12 Oz - Showcase 92012,Horizontal value-added parallelism,196623785,41,9,1.2,4.71
"Shrimp - 21/25, Peel And Deviened",Enterprise-wide background methodology,638818452,437,3,2.1,9.54
Bread Base - Italian,Centralized full-range encoding,813624124,687,5,3.3,12.68
Wine - Marlbourough Sauv Blanc,Compatible intermediate website,59013869,540,3,2.2,5.43
Bread - Hot Dog Buns,Persistent 24 hour architecture,729977791,527,4,2.9,9.07
Wine - Ej Gallo Sierra Valley,Cross-platform background functionalities,102156424,809,3,4,13.38
Bread - Raisin,Grass-roots next generation solution,32824529,187,8,1.5,7.03
Juice - Propel Sport,Reverse-engineered system-worthy infrastructure,225730483,843,9,1.7,8.28
Rye Special Old,Realigned optimizing budgetary management,107405136,780,4,1.9,10.70
Pastry - Lemon Danish - Mini,Robust neutral toolset,653712738,269,6,3.5,12.89
Beef - Salted,Integrated analyzing emulation,477754016,721,1,1.1,6.52
Pastry - Key Limepoppy Seed Tea,Business-focused non-volatile attitude,816753471,574,0,1.2,4.37
"Shrimp, Dried, Small / Lb",Adaptive transitional middleware,862555187,659,4,3.7,5.81
Garbage Bags - Clear,Up-sized high-level throughput,130113224,877,9,3.3,9.14
Cookie - Oatmeal,Managed solution-oriented workforce,992980080,218,7,1.4,1.78
Table Cloth 54x72 White,Implemented mission-critical info-mediaries,609509498,0,5,1.5,7.03
Plate Foam Laminated 9in Blk,Virtual modular process improvement,419834248,685,6,3.5,11.84
Mix - Cocktail Ice Cream,Cross-platform explicit function,672787972,837,6,1,6.57
"Napkin - Beverge, White 2 - Ply",Compatible well-modulated software,275980951,484,4,3.5,13.49
"Wine - Red, Cooking",Optional system-worthy Graphic Interface,884982111,465,0,1.4,2.21
Liqueur - Melon,Streamlined contextually-based leverage,747453221,69,1,1.4,3.35
Oil - Coconut,Object-based reciprocal concept,828528005,181,6,1.7,8.31
Magnotta Bel Paese Red,Intuitive client-driven workforce,645129961,993,8,3.8,10.16
Onions - Cooking,Multi-lateral mobile benchmark,908391512,289,7,3.1,10.66
Teriyaki Sauce,Visionary upward-trending array,337401129,149,7,2.8,11.24
Bread - Multigrain,Programmable methodical complexity,297113188,951,6,1.4,10.20
Bread - Sour Sticks With Onion,Re-contextualized heuristic hub,898205923,361,0,1.5,7.99
Table Cloth 62x120 Colour,Reverse-engineered fault-tolerant Graphic Interface,266188625,738,0,3.7,9.34
Soup - French Can Pea,Focused radical analyzer,614812665,759,0,2.4,8.91
"Juice - Orange, 341 Ml",Switchable neutral project,199209137,705,2,3.2,10.22
Chips - Assorted,Mandatory mission-critical attitude,164417427,159,9,1.4,5.82
Sausage - Andouille,Versatile incremental array,658406149,367,8,2.2,8.04
Bread - English Muffin,Multi-layered coherent knowledge user,514778944,997,9,1.8,10.73
"Pasta - Orzo, Dry",Phased scalable project,71025532,624,3,2.7,5.13
Cape Capensis - Fillet,Programmable secondary help-desk,303045351,589,5,3,8.49
Crackers - Trio,Balanced optimizing forecast,883819988,234,7,3.2,5.08
Muffin Mix - Carrot,Proactive object-oriented implementation,105335452,125,5,1.5,5.26
Wine - Rhine Riesling Wolf Blass,Down-sized 6th generation Graphical User Interface,15865535,620,9,1,8.28
Beer - Sleemans Cream Ale,Re-contextualized encompassing pricing structure,414920054,327,7,1.2,9.95
"Wine - Red, Harrow Estates, Cab",Implemented optimal local area network,590025005,592,6,2.8,7.50
Oil - Margarine,Reactive zero administration concept,59951253,55,2,2.6,2.81
Muffin - Banana Nut Individual,Robust encompassing algorithm,995243250,139,0,2.9,4.30
Sour Puss - Tangerine,Total bottom-line conglomeration,623595783,565,0,3.7,8.20
Yoghurt Tubes,Inverse motivating task-force,204621925,582,5,2.8,12.15
Wine - Segura Viudas Aria Brut,Profound content-based attitude,60906719,148,8,3.9,6.83
Tuna - Bluefin,Quality-focused 24/7 definition,135525155,645,3,2,3.74
Potatoes - Pei 10 Oz,Business-focused human-resource parallelism,165290790,37,3,3.6,11.40
Nacho Chips,Programmable radical service-desk,174716304,265,2,3.2,3.26
Jicama,Synergistic logistical customer loyalty,176105425,293,7,2,5.78
Cheese Cloth No 60,Reactive background strategy,559986417,574,9,3.5,8.16
Spice - Pepper Portions,Horizontal impactful system engine,104782365,36,2,1.2,7.90
"Sprite, Diet - 355ml",Realigned radical project,478153253,589,1,1.6,8.76
"Beef - Bones, Cut - Up",Intuitive local task-force,602640610,400,2,1.4,1.88
Yams,Diverse asymmetric extranet,737938318,347,0,2.8,5.72
"Roe - Lump Fish, Red",Enhanced well-modulated concept,461534037,322,2,2.7,10.12
Compound - Rum,Cross-group exuding utilisation,197914343,606,4,3.8,12.66
Muffin Mix - Chocolate Chip,Balanced attitude-oriented help-desk,288540371,250,5,3.9,4.53
Ice Cream Bar - Rolo Cone,Operative background implementation,151664751,632,3,1.7,7.05
Chutney Sauce - Mango,Open-architected well-modulated concept,338627295,752,7,3.2,11.69
Tea - Lemon Green Tea,Organic 24 hour encryption,440036813,139,5,3.7,4.64
Apron,Expanded encompassing architecture,678296921,607,6,3.4,7.31
Juice - Ocean Spray Kiwi,Monitored well-modulated alliance,205051635,31,6,2.9,10.42
Water - San Pellegrino,Enterprise-wide hybrid workforce,359609966,84,9,2.3,10.80
"Juice - Pineapple, 341 Ml",Object-based object-oriented matrices,745503228,184,9,2.7,7.39
"Sole - Dover, Whole, Fresh",Expanded stable functionalities,794783840,529,2,3.4,10.68
Muffin Mix - Corn Harvest,Synergized bi-directional paradigm,825716970,106,7,1.9,5.51
Cabbage Roll,Multi-lateral next generation application,630515178,308,1,2.9,12.05
"Juice - Clam, 46 Oz",Realigned context-sensitive internet solution,425034000,380,8,1.1,1.44
Pear - Asian,Extended analyzing array,713395223,930,9,3.5,5.87
Wine - Pinot Noir Pond Haddock,Ameliorated regional encryption,927480947,462,2,2.6,11.18
"Potatoes - Instant, Mashed",Switchable 4th generation superstructure,97904215,421,6,2.7,5.13
Turnip - White,Adaptive background forecast,861179997,982,0,1.8,10.50
Juice - Lime,Configurable tertiary extranet,821079568,212,9,3.3,3.78
Chicken Breast Halal,Focused reciprocal process improvement,991964490,820,3,3.4,7.46
Bread - Italian Sesame Poly,Versatile methodical service-desk,263191366,830,8,1.5,5.99
Tea - Honey Green Tea,Reduced analyzing encryption,900345176,615,7,3.4,8.66
Dasheen,Fully-configurable holistic productivity,45639934,327,8,2.4,9.32
Cake - Bande Of Fruit,Vision-oriented zero defect toolset,896386107,670,3,2.2,11.32
Sultanas,Cross-group client-server function,717011062,210,5,1.3,10.11
Arizona - Plum Green Tea,Future-proofed transitional firmware,386902036,285,2,2,10.11
Beef - Tenderloin,Diverse needs-based middleware,643520335,456,7,2.6,8.14
"Pasta - Fettuccine, Egg, Fresh",Enhanced modular extranet,296255527,389,1,2,4.62
Rootbeer,Synchronised coherent attitude,508388429,182,6,1.9,4.41
Wine - Vineland Estate Semi - Dry,Streamlined bottom-line array,684786114,95,7,3.5,4.29
Pork - Smoked Back Bacon,Organized uniform knowledge user,878515368,396,0,3.4,9.28
Urban Zen Drinks,Down-sized logistical groupware,861613280,336,4,2.7,10.13
Sprouts - China Rose,Inverse impactful open architecture,154248516,778,1,1.2,6.49
Pork - Ham Hocks - Smoked,Monitored eco-centric customer loyalty,181850565,525,2,1.4,2.92
Cheese - Brie Roitelet,Seamless encompassing software,90777361,794,8,2.2,11.47
Apples - Sliced / Wedge,Phased optimizing archive,427326108,94,2,3.1,6.55
Carrots - Mini Red Organic,Multi-layered attitude-oriented paradigm,296920544,850,2,2.1,6.47
Yoplait - Strawbrasp Peac,Multi-tiered needs-based secured line,322350553,531,2,1.1,3.42
Dooleys Toffee,De-engineered tangible application,866461704,496,3,1.4,8.05
Spice - Montreal Steak Spice,Reverse-engineered grid-enabled toolset,927874312,219,0,3.3,5.81
Corn Kernels - Frozen,Switchable tangible leverage,371009468,497,6,3.2,10.97
White Baguette,Balanced systemic installation,852730271,390,3,1.6,5.28
Wine - Vidal Icewine Magnotta,Grass-roots uniform open system,386312199,526,5,2.1,7.08
"Pork - Butt, Boneless",Robust grid-enabled pricing structure,922734958,332,1,2.4,9.67
Veal - Heart,Synchronised scalable functionalities,92936646,532,5,1.8,7.09
Shopper Bag - S - 4,Persistent holistic function,720888070,297,3,2.5,6.65
Emulsifier,Quality-focused coherent model,788712973,472,0,2.7,5.45
Cheese - Grana Padano,Configurable solution-oriented matrix,59276621,146,3,3.9,7.85
"Flour - Bran, Red",Re-engineered eco-centric emulation,984442257,856,1,3.6,4.93
Tarragon - Fresh,Front-line logistical extranet,227802794,790,9,1.6,9.08
Cup - 4oz Translucent,Digitized modular service-desk,837531403,545,0,2.2,2.29
"Mushroom - Enoki, Dry",Persistent bifurcated hierarchy,17193682,469,3,2,6.90
"Syrup - Monin, Amaretta",Self-enabling contextually-based parallelism,836486129,970,2,3.6,7.61
Chicken Thigh - Bone Out,Cross-group cohesive utilisation,38583351,861,1,2.6,8.39
"Tomatoes - Cherry, Yellow",Virtual upward-trending open system,13346152,434,5,2.9,10.88
Sugar - Individual Portions,Devolved methodical hardware,242568120,230,0,3.1,3.52
Apple - Royal Gala,Adaptive web-enabled Graphic Interface,223966584,278,7,2,8.37
"Yogurt - Banana, 175 Gr",Pre-emptive user-facing forecast,183828890,455,9,3.3,5.78
Lamb - Ground,Open-source needs-based projection,577107073,405,7,3,3.65
Wine - Conde De Valdemar,Universal upward-trending toolset,410334930,898,2,3,11.36
Bread - French Stick,De-engineered real-time archive,648007001,278,7,3.4,7.80
Muffins - Assorted,Triple-buffered non-volatile focus group,898719083,15,8,3.3,8.30
"Lemonade - Island Tea, 591 Ml",Operative needs-based functionalities,393965385,24,4,1.1,1.84
Chips - Potato Jalapeno,Centralized national budgetary management,554497339,497,2,3.8,4.29
Ice Cream Bar - Hageen Daz To,Vision-oriented responsive help-desk,359426344,793,7,3.6,13.03
Mahi Mahi,Reverse-engineered real-time synergy,899277385,207,6,3.9,13.74
Tea - Orange Pekoe,Function-based bandwidth-monitored infrastructure,512589156,293,5,3.8,12.28
Eggs - Extra Large,Intuitive foreground model,333789802,919,4,2.5,6.90
"Wine - White, Mosel Gold",Enterprise-wide tertiary ability,291436900,637,2,2.2,7.85
Squash - Pepper,Self-enabling methodical standardization,186427703,496,7,1.2,10.90
Longos - Chicken Wings,Re-engineered modular paradigm,369725934,610,7,1.5,5.68
Hold Up Tool Storage Rack,Multi-tiered object-oriented local area network,50308359,186,5,3.6,4.57
Whmis Spray Bottle Graduated,Expanded zero administration database,568868457,514,3,3.8,5.71
Mushroom - King Eryingii,Synchronised cohesive strategy,528185540,907,4,2.4,5.12
"Wine - Red, Cooking",Streamlined multimedia Graphical User Interface,242833498,26,1,1.3,6.63
Island Oasis - Wildberry,User-centric needs-based workforce,941779095,667,1,2.7,7.72
"Mushroom - Porcini, Dry",Diverse scalable budgetary management,99533552,581,0,1.1,4.18
Hog / Sausage Casing - Pork,Fundamental neutral info-mediaries,645604894,552,9,1.4,3.07
"Pasta - Gnocchi, Potato",Vision-oriented stable orchestration,968972471,405,0,2.4,3.23
Seaweed Green Sheets,Universal intermediate definition,997975394,257,3,2.6,3.32
Sugar - Individual Portions,Customer-focused dedicated customer loyalty,646124277,847,8,2.4,10.34
Milk - 2% 250 Ml,Cross-group fault-tolerant interface,231157764,298,2,2.8,4.66
Truffle - Whole Black Peeled,Multi-channelled intermediate application,348039409,157,2,2.1,8.66
Pastry - French Mini Assorted,Persevering heuristic data-warehouse,490979735,320,2,1.8,10.83
Wine - Valpolicella Masi,Managed client-server strategy,982151409,996,2,1.4,6.48
Creme De Banane - Marie,Extended needs-based local area network,256150430,696,3,2.2,7.30
Bok Choy - Baby,Self-enabling heuristic migration,673243562,240,4,2.9,7.92
Sugar - Brown,De-engineered 6th generation encoding,664033677,95,2,1.2,5.29
Evaporated Milk - Skim,Grass-roots heuristic emulation,46024213,446,9,3.5,11.50
Wine - Barolo Fontanafredda,Face to face fault-tolerant monitoring,117291340,309,0,4,7.03
Garbage Bags - Clear,Cloned context-sensitive neural-net,966576037,460,8,2.2,2.93
Bread Base - Toscano,Synergized intangible standardization,758933429,551,8,2.9,11.11
"Garlic - Primerba, Paste",Distributed object-oriented interface,438524310,164,1,2.7,7.48
Ginger - Pickled,Future-proofed 24/7 approach,98956801,589,0,1.5,9.43
Flour - Cake,Centralized attitude-oriented architecture,109365365,625,3,1.9,8.64
Bagels Poppyseed,Re-engineered eco-centric array,707447203,440,2,3.4,12.51
Longos - Grilled Salmon With Bbq,Down-sized cohesive workforce,644490460,82,5,2.2,10.79
Eel Fresh,Realigned grid-enabled implementation,804322856,161,0,2.2,9.53
"Mushroom - Chantrelle, Fresh",Front-line composite superstructure,169162171,509,6,2.7,11.15
Danishes - Mini Raspberry,Synergistic grid-enabled product,336767864,946,3,2.6,5.36
"Wine - Red, Metus Rose",Switchable 4th generation product,799133896,779,3,3.4,11.63
"Wine - Red, Harrow Estates, Cab",Re-contextualized web-enabled customer loyalty,754704007,984,3,2.7,5.04
"Bread - Roll, Canadian Dinner",Automated dedicated alliance,814117406,723,6,3.8,4.72
Puree - Mocha,Proactive methodical archive,936274395,36,3,1.8,11.62
Wine - Guy Sage Touraine,Monitored actuating benchmark,43211680,923,7,1.1,8.67
Plastic Arrow Stir Stick,Business-focused mobile contingency,201075400,644,7,1.7,6.58
Chocolate - White,Multi-channelled user-facing alliance,292628812,813,1,1.4,2.81
Piping Jelly - All Colours,Down-sized motivating flexibility,5555528,280,4,3.7,4.29
Potatoes - Idaho 100 Count,Phased intermediate workforce,519584431,90,3,2.3,6.16
Apple - Custard,Persistent secondary alliance,869841746,69,7,1.2,10.40
"Pasta - Lasagna, Dry",Expanded radical service-desk,206259106,755,3,2.8,3.39
Lettuce - Belgian Endive,Open-architected bottom-line parallelism,400629147,525,5,2.5,6.74
Bagelers - Cinn / Brown,Digitized hybrid middleware,69488817,69,7,2.1,3.91
Olive - Spread Tapenade,Profit-focused even-keeled open system,915309559,875,3,1.6,4.53
Puree - Mango,Organized actuating info-mediaries,769936232,396,3,1.6,3.04
Bread - Wheat Baguette,Up-sized asynchronous help-desk,355008773,697,7,3,5.41
"Mushroom - Enoki, Dry",Persistent object-oriented portal,627756297,36,3,3,8.04
Heavy Duty Dust Pan,Quality-focused dynamic budgetary management,55243813,977,7,1.8,8.18
Energy Drink - Redbull 355ml,Extended optimizing Graphical User Interface,686531925,329,0,1.2,8.74
Wine - Placido Pinot Grigo,Programmable well-modulated synergy,131996976,899,2,1.5,4.26
Wine - Cotes Du Rhone,Horizontal systemic framework,870712851,821,4,1.8,10.03
Anisette - Mcguiness,Front-line leading edge time-frame,304351564,315,5,2.7,5.64
Soup - Campbells Pasta Fagioli,Assimilated demand-driven implementation,504646518,213,5,2.2,11.11
Towels - Paper / Kraft,Sharable high-level paradigm,127287297,70,9,3.6,5.27
Sauce - Balsamic Viniagrette,Self-enabling high-level emulation,262019734,354,3,1.5,9.87
Coffee Beans - Chocolate,Sharable regional leverage,232216955,91,5,1.6,9.34
"Pasta - Bauletti, Chicken White",Virtual encompassing service-desk,360419982,391,1,3.9,10.13
Cups 10oz Trans,Centralized uniform core,607434114,320,2,2.3,8.66
"Brocolinni - Gaylan, Chinese",Versatile logistical groupware,786582515,820,5,1.7,6.80
Truffle Cups - Red,Horizontal well-modulated paradigm,40574953,619,5,3,8.86
Kippers - Smoked,Stand-alone global synergy,882477208,340,9,2.9,4.79
Pastry - Raisin Muffin - Mini,Re-contextualized optimizing attitude,453380378,992,4,3.6,12.04
Gelatine Leaves - Envelopes,Cloned optimal core,388839774,640,3,3,5.76
Barramundi,Cross-group client-server budgetary management,154617868,902,8,2.2,10.49
Coriander - Seed,Virtual zero defect function,478227695,706,1,2.6,4.05
Bagelers,Visionary value-added system engine,790452075,636,0,3.4,13.10
Salmon Atl.whole 8 - 10 Lb,Synchronised attitude-oriented workforce,832176658,109,0,3.8,11.25
Table Cloth 54x54 Colour,Progressive directional system engine,855774430,101,0,4,7.12
Remy Red Berry Infusion,Quality-focused modular conglomeration,117262912,472,6,3.1,5.91
Wine - Crozes Hermitage E.,Inverse attitude-oriented secured line,69335240,381,3,2.4,6.63
Sprouts Dikon,Persevering even-keeled contingency,963234271,203,9,2,3.92
Arctic Char - Fillets,Stand-alone tangible policy,278603016,258,8,3.5,5.67
Appetizer - Mango Chevre,Centralized tangible approach,350503056,447,2,2.5,7.08
Pork - Bones,Proactive object-oriented forecast,92265671,639,1,2,3.70
Quail - Jumbo Boneless,Organic empowering methodology,892421474,944,5,2.8,12.62
"Bread - Crumbs, Bulk",Vision-oriented hybrid methodology,118386471,954,9,2.4,3.33
Monkfish Fresh - Skin Off,Realigned dynamic emulation,667414892,422,8,3.4,3.71
Oneshot Automatic Soap System,Open-source homogeneous function,761424872,165,0,1.6,7.60
Tuna - Bluefin,Open-architected 24/7 emulation,761911850,144,7,2.2,3.43
Sugar - Cubes,Grass-roots asynchronous function,682622916,532,6,3.3,9.51